2025-01-09,1
2025-01-10,1
2025-01-11,2
2025-01-12,2
2025-01-13,3,1
2025-01-14,3
2025-01-15,4,2
2025-01-16,4
2025-01-17,5,3
2025-01-18,5
2025-01-19,6,4
2025-01-20,1,6
2025-01-21,7,5
2025-01-22,2,7
2025-01-23,8,6
2025-01-24,3,8
2025-01-25,9,7
2025-01-26,4,9
2025-01-27,10,8
2025-01-28,5,10
2025-01-29,11,9
2025-01-30,6,11
2025-01-31,12,10
2025-02-01,7,12
2025-02-02,13,11
2025-02-03,1,8,13
2025-02-04,14,12
2025-02-05,2,9,14
2025-02-06,15,13
2025-02-07,3,10,15
2025-02-08,16,14
2025-02-09,4,11,16
2025-02-10,17,15
2025-02-11,5,12,17
2025-02-12,18,16
2025-02-13,6,13,18
2025-02-14,19,17
2025-02-15,7,14,19
2025-02-16,20,18
2025-02-17,8,15,20
2025-02-18,21,19
2025-02-19,9,16,21
2025-02-20,22,20
2025-02-21,10,17,22
2025-02-22,23,21
2025-02-23,11,18,23
2025-02-24,24,22
2025-02-25,12,19,24
2025-02-26,25,23
2025-02-27,13,20,25
2025-02-28,26,24
2025-03-01,14,21,26
2025-03-02,27,25
2025-03-03,15,22,27
2025-03-04,28,26,23
2025-03-05,1,16,28
2025-03-06,29,27,24
2025-03-07,2,17,29
2025-03-08,30,28,25
2025-03-09,3,18,30
2025-03-10,31,29,26
2025-03-11,4,19,31
2025-03-12,32,30,27
2025-03-13,5,20,32
2025-03-14,33,31,28
2025-03-15,6,21,33
2025-03-16,34,32,29
2025-03-17,7,22,34
2025-03-18,35,33,30
2025-03-19,8,23,35
2025-03-20,36,34,31
2025-03-21,9,24,36
2025-03-22,37,35,32
2025-03-23,10,25,37
2025-03-24,38,36,33
2025-03-25,11,26,38
2025-03-26,39,37,34
2025-03-27,12,27,39
2025-03-28,40,38,35
2025-03-29,13,28,40
2025-03-30,41,39,36
2025-03-31,14,29,41
2025-04-01,42,40,37
2025-04-02,15,30,42
2025-04-03,43,41,38
2025-04-04,16,31,43
2025-04-05,44,42,39
2025-04-06,17,32,44
2025-04-07,45,43,40
2025-04-08,18,33,45
2025-04-09,46,44,41
2025-04-10,19,34,46
2025-04-11,47,45,42
2025-04-12,20,35,47
2025-04-13,48,46,43
2025-04-14,21,36,48
2025-04-15,49,47,44
2025-04-16,22,37,49
2025-04-17,50,48,45
2025-04-18,23,38,50
2025-04-19,51,49,46
2025-04-20,24,39,51
2025-04-21,52,50,47
2025-04-22,25,40,52
2025-04-23,53,51,48
2025-04-24,26,41,53
2025-04-25,54,52,49
2025-04-26,27,42,54
2025-04-27,55,53,50
2025-04-28,28,43,55
2025-04-29,56,54,51
2025-04-30,29,44,56
2025-05-01,57,55,52
2025-05-02,30,45,57
2025-05-03,58,56,46
2025-05-04,1,31,53,58
2025-05-05,59,57,47
2025-05-06,2,32,54,59
2025-05-07,60,58,48
2025-05-08,3,33,55,60
2025-05-09,61,59,49
2025-05-10,4,34,56,61
2025-05-11,62,60,50
2025-05-12,5,35,57,62
2025-05-13,63,61,51
2025-05-14,6,36,58,63
2025-05-15,64,62,52
2025-05-16,7,37,59,64
2025-05-17,65,63,53
2025-05-18,8,38,60,65
2025-05-19,66,64,54
2025-05-20,9,39,61,66
2025-05-21,67,65,55
2025-05-22,10,40,62,67
2025-05-23,68,66,56
2025-05-24,11,41,63,68
2025-05-25,69,67,57
2025-05-26,12,42,64,69
2025-05-27,70,68,58
2025-05-28,13,43,65,70
2025-05-29,71,69,59
2025-05-30,14,44,66,71
2025-05-31,72,70,60
2025-06-01,15,45,67,72
2025-06-02,73,71,61
2025-06-03,16,46,68,73
2025-06-04,74,72,62
2025-06-05,17,47,69,74
2025-06-06,75,73,63
2025-06-07,18,48,70,75
2025-06-08,76,74,64
2025-06-09,19,49,71,76
2025-06-10,77,75,65
2025-06-11,20,50,72,77
2025-06-12,78,76,66
2025-06-13,21,51,73,78
2025-06-14,79,77,67
2025-06-15,22,52,74,79
2025-06-16,80,78,68
2025-06-17,23,53,75,80
2025-06-18,81,79,69
2025-06-19,24,54,76,81
2025-06-20,82,80,70
2025-06-21,25,55,77,82
2025-06-22,83,81,71
2025-06-23,26,56,78,83
2025-06-24,84,82,72
2025-06-25,27,57,79,84
2025-06-26,85,83,73
2025-06-27,28,58,80,85
2025-06-28,86,84,74
2025-06-29,29,59,81,86
2025-06-30,87,85,75
2025-07-01,30,60,82,87
2025-07-02,88,86,76
2025-07-03,31,61,83,88
2025-07-04,89,87,77
2025-07-05,32,62,84,89
2025-07-06,90,88,78
2025-07-07,33,63,85,90
2025-07-08,91,89,79
2025-07-09,34,64,86,91
2025-07-10,92,90,80
2025-07-11,35,65,87,92
2025-07-12,93,91,81
2025-07-13,36,66,88,93
2025-07-14,94,92,82
2025-07-15,37,67,89,94
2025-07-16,95,93,83
2025-07-17,38,68,90,95
2025-07-18,96,94,84
2025-07-19,39,69,91,96
2025-07-20,97,95,85
2025-07-21,40,70,92,97
2025-07-22,98,96,86
2025-07-23,41,71,93,98
2025-07-24,99,97,87
2025-07-25,42,72,94,99
2025-07-26,100,98,88
2025-07-27,43,73,95,100
2025-07-28,101,99,89
2025-07-29,44,74,96,101
2025-07-30,102,100,90
2025-07-31,45,75,97,102
2025-08-01,103,101,91
2025-08-02,1,46,76,103
2025-08-03,104,102,92,98
2025-08-04,2,47,77,104
2025-08-05,105,103,93,99
2025-08-06,3,48,78,105
2025-08-07,106,104,94,100
2025-08-08,4,49,79,106
2025-08-09,107,105,95,101
2025-08-10,5,50,80,107
2025-08-11,108,106,96,102
2025-08-12,6,51,81,108
2025-08-13,109,107,97,103
2025-08-14,7,52,82,109
2025-08-15,110,108,98,104
2025-08-16,8,53,83,110
2025-08-17,111,109,99,105
2025-08-18,9,54,84,111
2025-08-19,112,110,100,106
2025-08-20,10,55,85,112
2025-08-21,113,111,101,107
2025-08-22,11,56,86,113
2025-08-23,114,112,102,108
2025-08-24,12,57,87,114
2025-08-25,115,113,103,109
2025-08-26,13,58,88,115
2025-08-27,116,114,104,110
2025-08-28,14,59,89,116
2025-08-29,117,115,105,111
2025-08-30,15,60,90,117
2025-08-31,118,116,106,112
2025-09-01,16,61,91,118
2025-09-02,119,117,107,113
2025-09-03,17,62,92,119
2025-09-04,120,118,108,114
2025-09-05,18,63,93,120
2025-09-06,121,119,109,115
2025-09-07,19,64,94,121
2025-09-08,122,120,110,116
2025-09-09,20,65,95,122
2025-09-10,123,121,111,117
2025-09-11,21,66,96,123
2025-09-12,124,122,112,118
2025-09-13,22,67,97,124
2025-09-14,125,123,113,119
2025-09-15,23,68,98,125
2025-09-16,126,124,114,120
2025-09-17,24,69,99,126
2025-09-18,127,125,115,121
2025-09-19,25,70,100,127
2025-09-20,128,126,116,122
2025-09-21,26,71,101,128
2025-09-22,129,127,117,123
2025-09-23,27,72,102,129
2025-09-24,130,128,118,124
2025-09-25,28,73,103,130
2025-09-26,131,129,119,125
2025-09-27,29,74,104,131
2025-09-28,132,130,120,126
2025-09-29,30,75,105,132
2025-09-30,133,131,121,127
2025-10-01,31,76,106,133
2025-10-02,134,132,122,128
2025-10-03,32,77,107,134
2025-10-04,135,133,123,129
2025-10-05,33,78,108,135
2025-10-06,136,134,124,130
2025-10-07,34,79,109,136
2025-10-08,137,135,125,131
2025-10-09,35,80,110,137
2025-10-10,138,136,126,132
2025-10-11,36,81,111,138
2025-10-12,139,137,127,133
2025-10-13,37,82,112,139
2025-10-14,140,138,128,134
2025-10-15,38,83,113,140
2025-10-16,141,139,129,135
2025-10-17,39,84,114,141
2025-10-18,142,140,130,136
2025-10-19,40,85,115,142
2025-10-20,143,141,131,137
2025-10-21,41,86,116,143
2025-10-22,144,142,132,138
2025-10-23,42,87,117,144
2025-10-24,145,143,133,139
2025-10-25,43,88,118,145
2025-10-26,146,144,134,140
2025-10-27,44,89,119,146
2025-10-28,147,145,135,141
2025-10-29,45,90,120,147
2025-10-30,148,146,136,142
2025-10-31,46,91,121,148
2025-11-01,149,147,137,143
2025-11-02,47,92,122,149
2025-11-03,150,148,138,144
2025-11-04,48,93,123,150
2025-11-05,151,149,139,145
2025-11-06,49,94,124,151
2025-11-07,152,150,140,146
2025-11-08,50,95,125,152
2025-11-09,153,151,141,147
2025-11-10,51,96,126,153
2025-11-11,154,152,142,148
2025-11-12,52,97,127,154
2025-11-13,155,153,143,149
2025-11-14,53,98,128,155
2025-11-15,156,154,144,150
2025-11-16,54,99,129,156
2025-11-17,157,155,145,151
2025-11-18,55,100,130,157
2025-11-19,158,156,146,152
2025-11-20,56,101,131,158
2025-11-21,159,157,147,153
2025-11-22,57,102,132,159
2025-11-23,160,158,148,154
2025-11-24,58,103,133,160
2025-11-25,161,159,149,155
2025-11-26,59,104,134,161
2025-11-27,162,160,150,156
2025-11-28,60,105,135,162
2025-11-29,163,161,151,157
2025-11-30,61,106,136,163
2025-12-01,164,162,152,158
2025-12-02,62,107,137,164
2025-12-03,165,163,153,159
2025-12-04,63,108,138,165
2025-12-05,166,164,154,160
2025-12-06,64,109,139,166
2025-12-07,167,165,155,161
2025-12-08,65,110,140,167
2025-12-09,168,166,156,162
2025-12-10,66,111,141,168
2025-12-11,169,167,157,163
2025-12-12,67,112,142,169
2025-12-13,170,168,158,164
2025-12-14,68,113,143,170
2025-12-15,171,169,159,165
2025-12-16,69,114,144,171
2025-12-17,172,170,160,166
2025-12-18,70,115,145,172
2025-12-19,173,171,161,167
2025-12-20,71,116,146,173
2025-12-21,174,172,162,168
2025-12-22,72,117,147,174
2025-12-23,175,173,163,169
2025-12-24,73,118,148,175
2025-12-25,176,174,164,170
2025-12-26,74,119,149,176
2025-12-27,177,175,165,171
2025-12-28,75,120,150,177
2025-12-29,178,176,166,172
2025-12-30,76,121,151,178
2025-12-31,179,177,167,173
2026-01-01,77,122,152,179
2026-01-02,180,178,168,174
2026-01-03,78,123,153,180
2026-01-04,181,179,169,175
2026-01-05,79,124,154,181
2026-01-06,182,180,170,176
2026-01-07,80,125,155,182
2026-01-08,183,181,171,177
2026-01-09,81,126,156,183
2026-01-10,184,182,172,178
2026-01-11,82,127,157,184
2026-01-12,185,183,173,179
2026-01-13,83,128,158,185
2026-01-14,186,184,174,180
2026-01-15,84,129,159,186
2026-01-16,187,185,175,181
2026-01-17,85,130,160,187
2026-01-18,188,186,176,182
2026-01-19,86,131,161,188
2026-01-20,189,187,177,183
2026-01-21,87,132,162,189
2026-01-22,190,188,178,184
2026-01-23,88,133,163,190
2026-01-24,191,189,179,185
2026-01-25,89,134,164,191
2026-01-26,192,190,180,186
2026-01-27,90,135,165,192
2026-01-28,193,191,181,187
2026-01-29,91,136,166,193
2026-01-30,194,192,182,188
2026-01-31,92,137,167,194
2026-02-01,195,193,183,189
2026-02-02,93,138,168,195
2026-02-03,196,194,184,190
2026-02-04,94,139,169,196
2026-02-05,197,195,185,191
2026-02-06,95,140,170,197
2026-02-07,198,196,186,192
2026-02-08,96,141,171,198
2026-02-09,199,197,187,193
2026-02-10,97,142,172,199
2026-02-11,200,198,188,194
2026-02-12,98,143,173,200
2026-02-13,201,199,189,195
2026-02-14,99,144,174,201
2026-02-15,202,200,190,196
2026-02-16,100,145,175,202
2026-02-17,203,201,191,197
2026-02-18,101,146,176,203
2026-02-19,204,202,192,198
2026-02-20,102,147,177,204
2026-02-21,205,203,193,199
2026-02-22,103,148,178,205
2026-02-23,206,204,194,200
2026-02-24,104,149,179,206
2026-02-25,207,205,195,201
2026-02-26,105,150,180,207
2026-02-27,208,206,196,202
2026-02-28,106,151,181,208
2026-03-01,209,207,197,203
2026-03-02,107,152,182,209
2026-03-03,210,208,198,204
2026-03-04,108,153,183,210
2026-03-05,211,209,199,205
2026-03-06,109,154,184,211
2026-03-07,212,210,200,206
2026-03-08,110,155,185,212
2026-03-09,213,211,201,207
2026-03-10,111,156,186,213
2026-03-11,214,212,202,208
2026-03-12,112,157,187,214
2026-03-13,215,213,203,209
2026-03-14,113,158,188,215
2026-03-15,216,214,204,210
2026-03-16,114,159,189,216
2026-03-17,217,215,205,211
2026-03-18,115,160,190,217
2026-03-19,218,216,206,212
2026-03-20,116,161,191,218
2026-03-21,219,217,207,213
2026-03-22,117,162,192,219
2026-03-23,220,218,208,214
2026-03-24,118,163,193,220
2026-03-25,221,219,209,215
2026-03-26,119,164,194,221
2026-03-27,222,220,210,216
2026-03-28,120,165,195,222
2026-03-29,223,221,211,217
2026-03-30,121,166,196,223
2026-03-31,224,222,212,218
2026-04-01,122,167,197,224
2026-04-02,225,223,213,219
2026-04-03,123,168,198,225
2026-04-04,226,224,214,220
2026-04-05,124,169,199,226
2026-04-06,227,225,215,221
2026-04-07,125,170,200,227
2026-04-08,228,226,216,222
2026-04-09,126,171,201,228
2026-04-10,229,227,217,223
2026-04-11,127,172,202,229
2026-04-12,230,228,218,224
2026-04-13,128,173,203,230
2026-04-14,231,229,219,225
2026-04-15,129,174,204,231
2026-04-16,232,230,220,226
2026-04-17,130,175,205,232
2026-04-18,233,231,221,227
2026-04-19,131,176,206,233
2026-04-20,234,232,222,228
2026-04-21,132,177,207,234
2026-04-22,235,233,223,229
2026-04-23,133,178,208,235
2026-04-24,236,234,224,230
2026-04-25,134,179,209,236
2026-04-26,237,235,225,231
2026-04-27,135,180,210,237
2026-04-28,238,236,226,232
2026-04-29,136,181,211,238
2026-04-30,239,237,227,233
2026-05-01,137,182,212,239
2026-05-02,240,238,228,234
2026-05-03,138,183,213,240
2026-05-04,241,239,229,235
2026-05-05,139,184,214,241
2026-05-06,242,240,230,236
2026-05-07,140,185,215,242
2026-05-08,243,241,231,237
2026-05-09,141,186,216,243
2026-05-10,244,242,232,238
2026-05-11,142,187,217,244
2026-05-12,245,243,233,239
2026-05-13,143,188,218,245
2026-05-14,246,244,234,240
2026-05-15,144,189,219,246
2026-05-16,247,245,235,241
2026-05-17,145,190,220,247
2026-05-18,248,246,236,242
2026-05-19,146,191,221,248
2026-05-20,249,247,237,243
2026-05-21,147,192,222,249
2026-05-22,250,248,238,244
2026-05-23,148,193,223,250
2026-05-24,251,249,239,245
2026-05-25,149,194,224,251
2026-05-26,252,250,240,246
2026-05-27,150,195,225,252
2026-05-28,253,251,241,247
2026-05-29,151,196,226,253
2026-05-30,254,252,242,248
2026-05-31,152,197,227,254
2026-06-01,255,253,243,249
2026-06-02,153,198,228,255
2026-06-03,256,254,244,250
2026-06-04,154,199,229,256
2026-06-05,257,255,245,251
2026-06-06,155,200,230,257
2026-06-07,258,256,246,252
2026-06-08,156,201,231,258
2026-06-09,259,257,247,253
2026-06-10,157,202,232,259
2026-06-11,260,258,248,254
2026-06-12,158,203,233,260
2026-06-13,261,259,249,255
2026-06-14,159,204,234,261
2026-06-15,262,260,250,256
2026-06-16,160,205,235,262
2026-06-17,263,261,251,257
2026-06-18,161,206,236,263
2026-06-19,264,262,252,258
2026-06-20,162,207,237,264
2026-06-21,265,263,253,259
2026-06-22,163,208,238,265
2026-06-23,266,264,254,260
2026-06-24,164,209,239,266
2026-06-25,267,265,255,261
2026-06-26,165,210,240,267
2026-06-27,268,266,256,262
2026-06-28,166,211,241,268
2026-06-29,269,267,257,263
2026-06-30,167,212,242,269
2026-07-01,270,268,258,264
2026-07-02,168,213,243,270
2026-07-03,271,269,259,265
2026-07-04,169,214,244,271
2026-07-05,272,270,260,266
2026-07-06,170,215,245,272
2026-07-07,273,271,261,267
2026-07-08,171,216,246,273
2026-07-09,274,272,262,268
2026-07-10,172,217,247,274
2026-07-11,275,273,263,269
2026-07-12,173,218,248,275
2026-07-13,274,264,249,270
2026-07-14,174,219,250,265
2026-07-15,275,271,251,252
2026-07-16,175,220,272,253
2026-07-18,176,221,273,266
2026-07-20,177,222,274,267
2026-07-22,178,223,275,268
2026-07-24,179,224,254,269
2026-07-26,180,225,255,270
2026-07-28,181,226,256,271
2026-07-30,182,227,257,272
2026-08-01,183,228,258,273
2026-08-03,184,229,259,274
2026-08-05,185,230,260,275
2026-08-07,186,231,261
2026-08-09,187,232,262
2026-08-11,188,233,263
2026-08-13,189,234,264
2026-08-15,190,235,265
2026-08-17,191,236,266
2026-08-19,192,237,267
2026-08-21,193,238,268
2026-08-23,194,239,269
2026-08-25,195,240,270
2026-08-27,196,241,271
2026-08-29,197,242,272
2026-08-31,198,243,273
2026-09-02,199,244,274
2026-09-04,200,245,275
2026-09-06,201,246
2026-09-08,202,247
2026-09-10,203,248
2026-09-12,204,249
2026-09-14,205,250
2026-09-16,206,251
2026-09-18,207,252
2026-09-20,208,253
2026-09-22,209,254
2026-09-24,210,255
2026-09-26,211,256
2026-09-28,212,257
2026-09-30,213,258
2026-10-02,214,259
2026-10-04,215,260
2026-10-06,216,261
2026-10-08,217,262
2026-10-10,218,263
2026-10-12,219,264
2026-10-14,220,265
2026-10-16,221,266
2026-10-18,222,267
2026-10-20,223,268
2026-10-22,224,269
2026-10-24,225,270
2026-10-26,226,271
2026-10-28,227,272
2026-10-30,228,273
2026-11-01,229,274
2026-11-03,230,275
2026-11-05,231
2026-11-07,232
2026-11-09,233
2026-11-11,234
2026-11-13,235
2026-11-15,236
2026-11-17,237
2026-11-19,238
2026-11-21,239
2026-11-23,240
2026-11-25,241
2026-11-27,242
2026-11-29,243
2026-12-01,244
2026-12-03,245
2026-12-05,246
2026-12-07,247
2026-12-09,248
2026-12-11,249
2026-12-13,250
2026-12-15,251
2026-12-17,252
2026-12-19,253
2026-12-21,254
2026-12-23,255
2026-12-25,256
2026-12-27,257
2026-12-29,258
2026-12-31,259
2027-01-02,260
2027-01-04,261
2027-01-06,262
2027-01-08,263
2027-01-10,264
2027-01-12,265
2027-01-14,266
2027-01-16,267
2027-01-18,268
2027-01-20,269
2027-01-22,270
2027-01-24,271
2027-01-26,272
2027-01-28,273
2027-01-30,274
2027-02-01,275
